Workbook

Sheet 대당 타설량
A1: 구분 | B1: 타설량
A2: 버림 | B2: 650
A3: 기초 대당타설량 | B3: 650
A4: 지하 대당타설량 | B4: 500
A5: 일반층 대당타설량 | B5: 200
A6: 1층 대당타설량 | B6: 400
A7: 기준층 대당타설량 | B7: 320
A8: 최상층 대당타설량 | B8: 230
A9: PH층 대당타설량 | B9: 230
A10: 펌프차 대수산정기준 | B10: 동별 최대 2대

Sheet 버림, 기초
A1: 구분 | B1: 층수 | C1: 세부공종 | D1: 단위 | E1: 수량 | F1: 인당 생산성 | G1: 총 투입인원 | H1: 1일 투입인원 | I1: 산정 기준 | J1: 작업조 기준인원 | K1: 기준 인원 | L1: 최대 작업조 | M1: 부분별 보정계수 | N1: 최대투입인원 | O1: 투입장비명 | P1: 장비대수 | Q1: 순작업일 | R1: 간접일 | S1: 총작업일수 | T1: 간접작업항목
A2: 버림 | C2: 버림틀설치 | D2: ㎡ | E2: 40 | F2: 10 | G2: {=E2/F2} -> 4 | H2: {=ROUNDUP(G2/Q2,0)} -> 4 | I2: 일수고정 | J2: 2 | K2: 6 | L2: {=N2/J2} -> 3 | M2: {=1} -> 1 | N2: {=ROUND(M2*K2/J2,0)*J2} -> 6 | Q2: 1 | S2: {=ROUNDUP(Q2+R2,0)} -> 1
C3: 버림타설 | D3: ㎥ | E3: 228 | F3: 130 | G3: {=H3*Q3} -> 4 | H3: {=P3*4} -> 4 | I3: 장비대수*4명 /버림부분 | M3: 1 | O3: 콘크리트 펌프차 | P3: {=CEILING(MIN(2,E3/'대당 타설량'!B2),1)} -> 1 | Q3: {=MAX(1,IF(E3/(F3*H3)-INT(E3/(F3*H3))<0.5,ROUNDDOWN(E3/(F3*H3),0),ROUNDUP(E3/(F3*H3),0)))} -> 1 | R3: 1 | S3: {=ROUNDUP(Q3+R3,0)} -> 2 | T3: 양생
A4: 기초 | C4: 먹매김 | D4: ㎡ | H4: 3 | I4: 일수고정 | J4: 3 | K4: 6 | L4: {=N4/J4} -> 2 | M4: 1 | N4: {=ROUND(M4*K4/J4,0)*J4} -> 6 | Q4: 1 | S4: {=ROUNDUP(Q4+R4,0)} -> 1
C5: 기초철근조립 | D5: ton | E5: 110.62 | F5: 1.1 | G5: {=ROUNDUP(E5/F5,0)} -> 101 | H5: {=ROUNDUP(G5/Q5,0)} -> 17 | I5: 일수고정 | J5: 4 | K5: 24 | L5: {=N5/J5} -> 8 | M5: 1.3 | N5: {=ROUND(M5*K5/J5,0)*J5} -> 32 | Q5: 6 | R5: 0.5 | S5: {=ROUNDUP(Q5+R5,0)} -> 7 | T5: 검측
C6: 끊어치기 작업 | D6: ㎡ | E6: 120 | F6: 10 | G6: {=ROUNDUP(E6/F6,0)} -> 12 | H6: {=ROUNDUP(G6/Q6,0)} -> 6 | I6: 일수고정 | J6: 3 | K6: 6 | L6: {=N6/J6} -> 2 | M6: 1 | N6: {=ROUND(M6*K6/J6,0)*J6} -> 6 | Q6: 2 | R6: 0.5 | S6: {=ROUNDUP(Q6+R6,0)} -> 3 | T6: 검측
C7: 기초타설 | D7: ㎥ | E7: 1643 | F7: 130 | G7: {=H7*Q7} -> 10 | H7: {=P7*5} -> 10 | I7: 장비대수*5명 /기초부분 | M7: 1 | O7: 콘크리트 펌프차 | P7: {=CEILING(MIN(2,E7/'대당 타설량'!B3),1)} -> 2 | Q7: {=MAX(1,IF(E7/(F7*H7)-INT(E7/(F7*H7))<0.5,ROUNDDOWN(E7/(F7*H7),0),ROUNDUP(E7/(F7*H7),0)))} -> 1 | R7: 3 | S7: {=ROUNDUP(Q7+R7,0)} -> 4 | T7: 양생

Sheet 지하 주차장
A1: 구분 | B1: 층수 | C1: 세부공종 | D1: 단위 | E1: 수량 | F1: 인당 생산성 | G1: 총 투입인원 | H1: 1일 투입인원 | I1: 산정 기준 | J1: 작업조 기준인원 | K1: 기준 인원 | L1: 최대 작업조 | M1: 부분별 보정계수 | N1: 최대투입인원 | O1: 투입장비명 | P1: 장비대수 | Q1: 순작업일 | R1: 간접일 | S1: 총작업일수 | T1: 간접작업항목
A2: 지하층 | B2: B2 | C2: 먹매김 | D2: ㎡ | H2: 3 | I2: 일수고정 | J2: 3 | K2: 6 | L2: {=N2/J2} -> 2 | M2: 1 | N2: {=ROUND(M2*K2/J2,0)*J2} -> 6 | Q2: 1 | S2: {=ROUNDUP(Q2+R2,0)} -> 1
C3: 벽 철근조립 | D3: ton | E3: 53.1 | F3: 0.8 | G3: {=ROUNDUP(E3/F3,0)} -> 67 | H3: {=ROUNDUP(G3/Q3,0)} -> 14 | I3: 일수고정 | J3: 3 | K3: 18 | L3: {=N3/J3} -> 7 | M3: 1.2 | N3: {=ROUND(M3*K3/J3,0)*J3} -> 21 | Q3: 5 | R3: 0.5 | S3: {=ROUNDUP(Q3+R3,0)} -> 6 | T3: 검측
C4: 지하2층 거푸집 설치 | D4: ㎡ | E4: 4612.25 | F4: 11 | G4: {=ROUNDUP(E4/F4,0)} -> 420 | H4: {=ROUNDUP(G4/Q4,0)} -> 25 | I4: 일수고정 | J4: 2 | K4: 16 | L4: {=N4/J4} -> 10 | M4: 1.2 | N4: {=ROUND(M4*K4/J4,0)*J4} -> 20 | Q4: 17 | R4: 1 | S4: {=ROUNDUP(Q4+R4,0)} -> 18 | T4: 보강/검측
C5: 보슬라브 철근조립 | D5: ton | E5: 64.91 | F5: 0.8 | G5: {=ROUNDUP(E5/F5,0)} -> 82 | H5: {=ROUNDUP(G5/Q5,0)} -> 17 | I5: 일수고정 | J5: 3 | K5: 18 | L5: {=N5/J5} -> 7 | M5: 1.2 | N5: {=ROUND(M5*K5/J5,0)*J5} -> 21 | Q5: 5 | R5: 0.5 | S5: {=ROUNDUP(Q5+R5,0)} -> 6 | T5: 검측
C6: 마감작업 | D6: ㎡ | E6: 242.75 | F6: 11 | G6: {=ROUNDUP(E6/F6,0)} -> 23 | H6: {=ROUNDUP(G6/Q6,0)} -> 12 | I6: 일수고정 | J6: 2 | K6: 12 | L6: {=N6/J6} -> 7 | M6: 1.2 | N6: {=ROUND(M6*K6/J6,0)*J6} -> 14 | Q6: 2 | R6: 0.5 | S6: {=ROUNDUP(Q6+R6,0)} -> 3 | T6: 검측
C7: 타설 | D7: ㎥ | E7: 782 | F7: 130 | G7: {=H7*Q7} -> 10 | H7: {=P7*5} -> 10 | I7: 장비대수*5명 /지하골조부분 | M7: 1 | O7: 콘크리트 펌프차 | P7: {=CEILING(MIN(2,E7/'대당 타설량'!B4),1)} -> 2 | Q7: {=MAX(1,IF(E7/(F7*H7)-INT(E7/(F7*H7))<0.5,ROUNDDOWN(E7/(F7*H7),0),ROUNDUP(E7/(F7*H7),0)))} -> 1 | R7: 3 | S7: {=ROUNDUP(Q7+R7,0)} -> 4 | T7: 양생
C8: 거푸집 해체/정리 | D8: ㎡ | E8: {=E4+E6} -> 4855 | F8: 50 | G8: {=ROUNDUP(E8/F8,0)} -> 98 | H8: {=ROUNDUP(G8/Q8,0)} -> 7 | I8: 일수고정 | J8: 2 | K8: 24 | L8: {=N8/J8} -> 14 | M8: 1.2 | N8: {=ROUND(M8*K8/J8,0)*J8} -> 28 | Q8: 16 | S8: {=ROUNDUP(Q8+R8,0)} -> 16
A9: 지하층 | B9: B1 | C9: 먹매김 | D9: ㎡ | H9: 3 | I9: 일수고정 | J9: 3 | K9: 6 | L9: {=N9/J9} -> 2 | M9: 1 | N9: {=ROUND(M9*K9/J9,0)*J9} -> 6 | R9: 1 | S9: {=ROUNDUP(Q9+R9,0)} -> 1
C10: 벽 철근조립 | D10: ton | E10: 45.68 | F10: 0.7 | G10: {=ROUNDUP(E10/F10,0)} -> 66 | H10: {=ROUNDUP(G10/Q10,0)} -> 14 | I10: 일수고정 | J10: 3 | K10: 18 | L10: {=N10/J10} -> 7 | M10: 1.2 | N10: {=ROUND(M10*K10/J10,0)*J10} -> 21 | Q10: 5 | R10: 0.5 | S10: {=ROUNDUP(Q10+R10,0)} -> 6 | T10: 검측
C11: 지하1층 거푸집 설치 | D11: ㎡ | E11: 4564.8 | F11: 9 | G11: {=ROUNDUP(E11/F11,0)} -> 508 | H11: {=ROUNDUP(G11/Q11,0)} -> 27 | I11: 일수고정 | J11: 2 | K11: 10 | L11: {=N11/J11} -> 6 | M11: 1.2 | N11: {=ROUND(M11*K11/J11,0)*J11} -> 12 | Q11: 19 | R11: 0.5 | S11: {=ROUNDUP(Q11+R11,0)} -> 20 | T11: 검측
C12: 보슬라브 철근조립 | D12: ton | E12: 45.68 | F12: 0.7 | G12: {=ROUNDUP(E12/F12,0)} -> 66 | H12: {=ROUNDUP(G12/Q12,0)} -> 14 | I12: 일수고정 | J12: 3 | K12: 18 | L12: {=N12/J12} -> 7 | M12: 1.2 | N12: {=ROUND(M12*K12/J12,0)*J12} -> 21 | Q12: 5 | R12: 0.5 | S12: {=ROUNDUP(Q12+R12,0)} -> 6 | T12: 검측
C13: 마감작업 | D13: ㎡ | E13: 253.6 | F13: 10 | G13: {=ROUNDUP(E13/F13,0)} -> 26 | H13: {=ROUNDUP(G13/Q13,0)} -> 13 | I13: 일수고정 | J13: 2 | K13: 24 | L13: {=N13/J13} -> 14 | M13: 1.2 | N13: {=ROUND(M13*K13/J13,0)*J13} -> 28 | Q13: 2 | R13: 0.5 | S13: {=ROUNDUP(Q13+R13,0)} -> 3 | T13: 검측
C14: 타설 | D14: ㎥ | E14: 748.2 | F14: 130 | G14: {=H14*Q14} -> 10 | H14: {=P14*5} -> 10 | I14: 장비대수*5명 /지하골조부분 | M14: 1 | O14: 콘크리트 펌프차 | P14: {=CEILING(MIN(2,E14/'대당 타설량'!B4),1)} -> 2 | Q14: {=MAX(1,IF(E14/(F14*H14)-INT(E14/(F14*H14))<0.5,ROUNDDOWN(E14/(F14*H14),0),ROUNDUP(E14/(F14*H14),0)))} -> 1 | R14: 3 | S14: {=ROUNDUP(Q14+R14,0)} -> 4 | T14: 양생
C15: 거푸집 해체/정리 | D15: ㎡ | E15: {=E11+E13} -> 4818.4 | F15: 50 | G15: {=ROUNDUP(E15/F15,0)} -> 97 | H15: {=ROUNDUP(G15/Q15,0)} -> 5 | I15: 일수고정 | J15: 2 | K15: 26 | L15: {=N15/J15} -> 16 | M15: 1.2 | N15: {=ROUND(M15*K15/J15,0)*J15} -> 32 | Q15: 22 | S15: {=ROUNDUP(Q15+R15,0)} -> 22

Sheet 지하 층고 6.5m이상
A1: 구분 | B1: 층수 | C1: 세부공종 | D1: 단위 | E1: 수량 | F1: 인당 생산성 | G1: 총 투입인원 | H1: 1일 투입인원 | I1: 산정 기준 | J1: 작업조 기준인원 | K1: 기준 인원 | L1: 최대 작업조 | M1: 부분별 보정계수 | N1: 최대투입인원 | O1: 투입장비명 | P1: 장비대수 | Q1: 순작업일 | R1: 간접일 | S1: 총작업일수 | T1: 간접작업항목
A2: 지하층 | B2: 층고6.5m 이상 | C2: 먹매김 | D2: ㎡ | H2: 3 | I2: 일수고정 | J2: 3 | K2: 6 | L2: {=N2/J2} -> 2 | M2: 1 | N2: {=ROUND(M2*K2/J2,0)*J2} -> 6 | Q2: 1 | S2: {=ROUNDUP(Q2+R2,0)} -> 1
C3: 벽 철근조립 | D3: ton | E3: 53.1 | F3: 0.8 | G3: {=ROUNDUP(E3/F3,0)} -> 67 | H3: {=ROUNDUP(G3/Q3,0)} -> 14 | I3: 일수고정 | J3: 3 | K3: 18 | L3: {=N3/J3} -> 7 | M3: 1.2 | N3: {=ROUND(M3*K3/J3,0)*J3} -> 21 | Q3: 5 | R3: 0.5 | S3: {=ROUNDUP(Q3+R3,0)} -> 6 | T3: 검측
C4: 시스템동바리 | D4: ㎡ | E4: 400 | F4: 20 | G4: {=ROUNDUP(E4/F4,0)} -> 20 | H4: {=ROUNDUP(G4/Q4,0)} -> 4 | J4: 5 | K4: 25 | L4: {=N4/J4} -> 6 | M4: 1.2 | N4: {=ROUND(M4*K4/J4,0)*J4} -> 30 | Q4: 6 | S4: {=ROUNDUP(Q4+R4,0)} -> 6
C5: 거푸집 설치 | D5: ㎡ | E5: 4612.25 | F5: 11 | G5: {=ROUNDUP(E5/F5,0)} -> 420 | H5: {=ROUNDUP(G5/Q5,0)} -> 25 | I5: 일수고정 | J5: 2 | K5: 16 | L5: {=N5/J5} -> 10 | M5: 1.2 | N5: {=ROUND(M5*K5/J5,0)*J5} -> 20 | Q5: 17 | R5: 1 | S5: {=ROUNDUP(Q5+R5,0)} -> 18 | T5: 보강/검측
C6: 보슬라브 철근조립 | D6: ton | E6: 64.91 | F6: 0.8 | G6: {=ROUNDUP(E6/F6,0)} -> 82 | H6: {=ROUNDUP(G6/Q6,0)} -> 17 | I6: 일수고정 | J6: 3 | K6: 18 | L6: {=N6/J6} -> 7 | M6: 1.2 | N6: {=ROUND(M6*K6/J6,0)*J6} -> 21 | Q6: 5 | R6: 0.5 | S6: {=ROUNDUP(Q6+R6,0)} -> 6 | T6: 검측
C7: 마감작업 | D7: ㎡ | E7: 242.75 | F7: 11 | G7: {=ROUNDUP(E7/F7,0)} -> 23 | H7: {=ROUNDUP(G7/Q7,0)} -> 12 | I7: 일수고정 | J7: 2 | K7: 12 | L7: {=N7/J7} -> 7 | M7: 1.2 | N7: {=ROUND(M7*K7/J7,0)*J7} -> 14 | Q7: 2 | R7: 0.5 | S7: {=ROUNDUP(Q7+R7,0)} -> 3 | T7: 검측
C8: 타설 | D8: ㎥ | E8: 782 | F8: 130 | G8: {=H8*Q8} -> 10 | H8: {=P8*5} -> 10 | I8: 장비대수*5명 /지하골조부분 | M8: 1 | O8: 콘크리트 펌프차 | P8: {=CEILING(MIN(2,E8/'대당 타설량'!B4),1)} -> 2 | Q8: {=MAX(1,IF(E8/(F8*H8)-INT(E8/(F8*H8))<0.5,ROUNDDOWN(E8/(F8*H8),0),ROUNDUP(E8/(F8*H8),0)))} -> 1 | R8: 3 | S8: {=ROUNDUP(Q8+R8,0)} -> 4 | T8: 양생
C9: 거푸집 해체/정리 | D9: ㎡ | E9: {=E5+E7} -> 4855 | F9: 50 | G9: {=ROUNDUP(E9/F9,0)} -> 98 | H9: {=ROUNDUP(G9/Q9,0)} -> 7 | I9: 일수고정 | J9: 2 | K9: 24 | L9: {=N9/J9} -> 14 | M9: 1.2 | N9: {=ROUND(M9*K9/J9,0)*J9} -> 28 | Q9: 16 | S9: {=ROUNDUP(Q9+R9,0)} -> 16

Sheet 주동 지하층
A1: 구분 | B1: 층수 | C1: 세부공종 | D1: 단위 | E1: 수량 | F1: 인당 생산성 | G1: 총 투입인원 | H1: 1일 투입인원 | I1: 산정 기준 | J1: 작업조 기준인원 | K1: 기준 인원 | L1: 최대 작업조 | M1: 부분별 보정계수 | N1: 최대투입인원 | O1: 투입장비명 | P1: 장비대수 | Q1: 순작업일 | R1: 간접일 | S1: 총작업일수 | T1: 간접작업항목
A2: 지하층 | B2: B2 | C2: 먹매김 | D2: ㎡ | H2: 3 | I2: 일수고정 | J2: 3 | K2: 6 | L2: {=N2/J2} -> 2 | M2: 1 | N2: {=ROUND(M2*K2/J2,0)*J2} -> 6 | Q2: 1 | S2: {=ROUNDUP(Q2+R2,0)} -> 1
C3: 벽 철근조립 | D3: ton | E3: 53.1 | F3: 0.8 | G3: {=ROUNDUP(E3/F3,0)} -> 67 | H3: {=ROUNDUP(G3/Q3,0)} -> 14 | I3: 일수고정 | J3: 3 | K3: 18 | L3: {=N3/J3} -> 7 | M3: 1.2 | N3: {=ROUND(M3*K3/J3,0)*J3} -> 21 | Q3: 5 | R3: 0.5 | S3: {=ROUNDUP(Q3+R3,0)} -> 6 | T3: 검측
C4: 지하2층 거푸집 설치 | D4: ㎡ | E4: 4612.25 | F4: 11 | G4: {=ROUNDUP(E4/F4,0)} -> 420 | H4: {=ROUNDUP(G4/Q4,0)} -> 25 | I4: 일수고정 | J4: 2 | K4: 16 | L4: {=N4/J4} -> 10 | M4: 1.2 | N4: {=ROUND(M4*K4/J4,0)*J4} -> 20 | Q4: 17 | R4: 1 | S4: {=ROUNDUP(Q4+R4,0)} -> 18 | T4: 보강/검측
C5: 보슬라브 철근조립 | D5: ton | E5: 64.91 | F5: 0.8 | G5: {=ROUNDUP(E5/F5,0)} -> 82 | H5: {=ROUNDUP(G5/Q5,0)} -> 17 | I5: 일수고정 | J5: 3 | K5: 18 | L5: {=N5/J5} -> 7 | M5: 1.2 | N5: {=ROUND(M5*K5/J5,0)*J5} -> 21 | Q5: 5 | R5: 0.5 | S5: {=ROUNDUP(Q5+R5,0)} -> 6 | T5: 검측
C6: 마감작업 | D6: ㎡ | E6: 242.75 | F6: 11 | G6: {=ROUNDUP(E6/F6,0)} -> 23 | H6: {=ROUNDUP(G6/Q6,0)} -> 12 | I6: 일수고정 | J6: 2 | K6: 12 | L6: {=N6/J6} -> 7 | M6: 1.2 | N6: {=ROUND(M6*K6/J6,0)*J6} -> 14 | Q6: 2 | R6: 0.5 | S6: {=ROUNDUP(Q6+R6,0)} -> 3 | T6: 검측
C7: 타설 | D7: ㎥ | E7: 782 | F7: 130 | G7: {=H7*Q7} -> 10 | H7: {=P7*5} -> 10 | I7: 장비대수*5명 /지하골조부분 | M7: 1 | O7: 콘크리트 펌프차 | P7: {=CEILING(MIN(2,E7/'대당 타설량'!B4),1)} -> 2 | Q7: {=MAX(1,IF(E7/(F7*H7)-INT(E7/(F7*H7))<0.5,ROUNDDOWN(E7/(F7*H7),0),ROUNDUP(E7/(F7*H7),0)))} -> 1 | R7: 3 | S7: {=ROUNDUP(Q7+R7,0)} -> 4 | T7: 양생
C8: 거푸집 해체/정리 | D8: ㎡ | E8: {=E4+E6} -> 4855 | F8: 50 | G8: {=ROUNDUP(E8/F8,0)} -> 98 | H8: {=ROUNDUP(G8/Q8,0)} -> 7 | I8: 일수고정 | J8: 2 | K8: 24 | L8: {=N8/J8} -> 14 | M8: 1.2 | N8: {=ROUND(M8*K8/J8,0)*J8} -> 28 | Q8: 16 | S8: {=ROUNDUP(Q8+R8,0)} -> 16
A9: 지하층 | B9: B1 | C9: 먹매김 | D9: ㎡ | H9: 3 | I9: 일수고정 | J9: 3 | K9: 6 | L9: {=N9/J9} -> 2 | M9: 1 | N9: {=ROUND(M9*K9/J9,0)*J9} -> 6 | R9: 1 | S9: {=ROUNDUP(Q9+R9,0)} -> 1
C10: 벽 철근조립 | D10: ton | E10: 45.68 | F10: 0.7 | G10: {=ROUNDUP(E10/F10,0)} -> 66 | H10: {=ROUNDUP(G10/Q10,0)} -> 14 | I10: 일수고정 | J10: 3 | K10: 18 | L10: {=N10/J10} -> 7 | M10: 1.2 | N10: {=ROUND(M10*K10/J10,0)*J10} -> 21 | Q10: 5 | R10: 0.5 | S10: {=ROUNDUP(Q10+R10,0)} -> 6 | T10: 검측
C11: 지하1층 거푸집 설치 | D11: ㎡ | E11: 4564.8 | F11: 9 | G11: {=ROUNDUP(E11/F11,0)} -> 508 | H11: {=ROUNDUP(G11/Q11,0)} -> 27 | I11: 일수고정 | J11: 2 | K11: 10 | L11: {=N11/J11} -> 6 | M11: 1.2 | N11: {=ROUND(M11*K11/J11,0)*J11} -> 12 | Q11: 19 | R11: 0.5 | S11: {=ROUNDUP(Q11+R11,0)} -> 20 | T11: 검측
C12: 보슬라브 철근조립 | D12: ton | E12: 45.68 | F12: 0.7 | G12: {=ROUNDUP(E12/F12,0)} -> 66 | H12: {=ROUNDUP(G12/Q12,0)} -> 14 | I12: 일수고정 | J12: 3 | K12: 18 | L12: {=N12/J12} -> 7 | M12: 1.2 | N12: {=ROUND(M12*K12/J12,0)*J12} -> 21 | Q12: 5 | R12: 0.5 | S12: {=ROUNDUP(Q12+R12,0)} -> 6 | T12: 검측
C13: 마감작업 | D13: ㎡ | E13: 253.6 | F13: 10 | G13: {=ROUNDUP(E13/F13,0)} -> 26 | H13: {=ROUNDUP(G13/Q13,0)} -> 13 | I13: 일수고정 | J13: 2 | K13: 24 | L13: {=N13/J13} -> 14 | M13: 1.2 | N13: {=ROUND(M13*K13/J13,0)*J13} -> 28 | Q13: 2 | R13: 0.5 | S13: {=ROUNDUP(Q13+R13,0)} -> 3 | T13: 검측
C14: 타설 | D14: ㎥ | E14: 748.2 | F14: 130 | G14: {=H14*Q14} -> 10 | H14: {=P14*5} -> 10 | I14: 장비대수*5명 /지하골조부분 | M14: 1 | O14: 콘크리트 펌프차 | P14: {=CEILING(MIN(2,E14/'대당 타설량'!B4),1)} -> 2 | Q14: {=MAX(1,IF(E14/(F14*H14)-INT(E14/(F14*H14))<0.5,ROUNDDOWN(E14/(F14*H14),0),ROUNDUP(E14/(F14*H14),0)))} -> 1 | R14: 3 | S14: {=ROUNDUP(Q14+R14,0)} -> 4 | T14: 양생
C15: 벽 철근조립 | D15: ton | E15: 30.45 | F15: 0.7 | G15: {=ROUNDUP(E15/F15,0)} -> 44 | H15: {=ROUNDUP(G15/Q15,0)} -> 15 | I15: 일수고정 | J15: 3 | K15: 18 | L15: {=N15/J15} -> 7 | M15: 1.2 | N15: {=ROUND(M15*K15/J15,0)*J15} -> 21 | Q15: 3 | R15: 0.5 | S15: {=ROUNDUP(Q15+R15,0)} -> 4 | T15: 검측
C16: 피트층 거푸집 설치 | D16: ㎡ | E16: 253.6 | F16: 10 | G16: {=ROUNDUP(E16/F16,0)} -> 26 | H16: {=ROUNDUP(G16/Q16,0)} -> 13 | I16: 일수고정 | J16: 2 | K16: 24 | L16: {=N16/J16} -> 14 | M16: 1.2 | N16: {=ROUND(M16*K16/J16,0)*J16} -> 28 | Q16: 2 | R16: 0.5 | S16: {=ROUNDUP(Q16+R16,0)} -> 3 | T16: 검측
C17: 보슬라브 철근조립 | D17: ton | E17: 30.45 | F17: 0.7 | G17: {=ROUNDUP(E17/F17,0)} -> 44 | H17: {=ROUNDUP(G17/Q17,0)} -> 15 | I17: 일수고정 | J17: 3 | K17: 18 | L17: {=N17/J17} -> 7 | M17: 1.2 | N17: {=ROUND(M17*K17/J17,0)*J17} -> 21 | Q17: 3 | R17: 0.5 | S17: {=ROUNDUP(Q17+R17,0)} -> 4 | T17: 검측
C18: 피트층 타설 | D18: ㎥ | E18: 498.8 | F18: 130 | G18: {=H18*Q18} -> 5 | H18: {=P18*5} -> 5 | I18: 장비대수*5명 /지하골조부분 | M18: 1 | O18: 콘크리트 펌프차 | P18: {=CEILING(MIN(2,E18/'대당 타설량'!B4),1)} -> 1 | Q18: {=MAX(1,IF(E18/(F18*H18)-INT(E18/(F18*H18))<0.5,ROUNDDOWN(E18/(F18*H18),0),ROUNDUP(E18/(F18*H18),0)))} -> 1 | R18: 3 | S18: {=ROUNDUP(Q18+R18,0)} -> 4 | T18: 양생
C19: 거푸집 해체/정리 | D19: ㎡ | E19: {=E11+E13+E16} -> 5072 | F19: 50 | G19: {=ROUNDUP(E19/F19,0)} -> 102 | H19: {=ROUNDUP(G19/Q19,0)} -> 5 | I19: 일수고정 | J19: 2 | K19: 26 | L19: {=N19/J19} -> 16 | M19: 1.2 | N19: {=ROUND(M19*K19/J19,0)*J19} -> 32 | Q19: 22 | S19: {=ROUNDUP(Q19+R19,0)} -> 22

Sheet 지상층
A1: 구분 | B1: 층수 | C1: 세부공종 | D1: 단위 | E1: 수량 | F1: 인당 생산성 | G1: 총 투입인원 | H1: 1일 투입인원 | I1: 산정 기준 | J1: 작업조 기준인원 | K1: 기준 인원 | L1: 최대 작업조 | M1: 부분별 보정계수 | N1: 최대투입인원 | O1: 투입장비명 | P1: 장비대수 | Q1: 순작업일 | R1: 간접일 | S1: 총작업일수 | T1: 간접작업항목
A2: 일반층 | C2: 먹매김 | D2: ㎡ | H2: 3 | J2: 3 | K2: 6 | L2: {=N2/J2} -> 2 | M2: 1 | N2: {=ROUND(M2*K2/J2,0)*J2} -> 6 | R2: 1 | S2: {=ROUNDUP(Q2+R2,0)} -> 1 | T2: 검측
C3: 벽 철근조립 | D3: ton | E3: 4.97 | F3: 0.7 | G3: {=ROUNDUP(E3/F3,0)} -> 8 | H3: {=ROUNDUP(G3/Q3,0)} -> 8 | I3: 일수고정 | J3: 3 | K3: 15 | L3: {=N3/J3} -> 4 | M3: 0.85 | N3: {=ROUND(M3*K3/J3,0)*J3} -> 12 | Q3: 1 | R3: 0.5 | S3: {=ROUNDUP(Q3+R3,0)} -> 2 | T3: 검측
C4: 유로폼 설치 | D4: ㎡ | E4: 291 | F4: 9 | G4: {=ROUNDUP(E4/F4,0)} -> 33 | H4: {=ROUNDUP(G4/Q4,0)} -> 6 | I4: 일수고정 | J4: 2 | K4: 10 | L4: {=N4/J4} -> 4 | M4: 0.85 | N4: {=ROUND(M4*K4/J4,0)*J4} -> 8 | Q4: 6 | R4: 0.5 | S4: {=ROUNDUP(Q4+R4,0)} -> 7 | T4: 검측
C5: 보슬라브 철근조립 | D5: ton | E5: 4.97 | F5: 0.6 | G5: {=ROUNDUP(E5/F5,0)} -> 9 | H5: {=ROUNDUP(G5/Q5,0)} -> 9 | I5: 일수고정 | J5: 3 | K5: 18 | L5: {=N5/J5} -> 5 | M5: 0.85 | N5: {=ROUND(M5*K5/J5,0)*J5} -> 15 | Q5: 1 | R5: 0.5 | S5: {=ROUNDUP(Q5+R5,0)} -> 2 | T5: 검측
C6: 타설 | D6: ㎥ | E6: 102 | F6: 130 | G6: {=H6*Q6} -> 4 | H6: {=P6*4} -> 4 | I6: 장비대수*4명 /일반층 | M6: 1 | O6: 콘크리트 펌프차 | P6: {=CEILING(MIN(2,E6/'대당 타설량'!B5),1)} -> 1 | Q6: {=MAX(1,IF(E6/(F6*H6)-INT(E6/(F6*H6))<0.5,ROUNDDOWN(E6/(F6*H6),0),ROUNDUP(E6/(F6*H6),0)))} -> 1 | R6: 2 | S6: {=ROUNDUP(Q6+R6,0)} -> 3 | T6: 양생
C7: 거푸집 해체/정리 | D7: ㎡ | E7: {=E4} -> 291 | F7: 50 | G7: {=ROUNDUP(E7/F7,0)} -> 6 | H7: {=ROUNDUP(G7/Q7,0)} -> 6 | I7: 일수고정 | J7: 2 | K7: 6 | L7: {=N7/J7} -> 4 | M7: 1.2 | N7: {=ROUND(M7*K7/J7,0)*J7} -> 8 | Q7: 1 | S7: {=ROUNDUP(Q7+R7,0)} -> 1
A9: 셋팅층 | C9: 먹매김 | D9: ㎡ | H9: 3 | J9: 3 | K9: 6 | L9: {=N9/J9} -> 2 | M9: 1 | N9: {=ROUND(M9*K9/J9,0)*J9} -> 6 | R9: 1 | S9: {=ROUNDUP(Q9+R9,0)} -> 1 | T9: 검측
C10: 갱폼 설치 | D10: ㎡ | E10: 654.3 | F10: 30 | G10: {=ROUNDUP(E10/F10,0)} -> 22 | H10: {=ROUNDUP(G10/Q10,0)} -> 11 | I10: 일수고정 | J10: 4 | K10: 20 | L10: {=N10/J10} -> 5 | M10: 0.9 | N10: {=ROUND(M10*K10/J10,0)*J10} -> 20 | Q10: 2 | R10: 6 | S10: {=ROUNDUP(Q10+R10,0)} -> 8 | T10: 앵커/안전발판
C11: 벽 철근조립 | D11: ton | E11: 13.21 | F11: 0.8 | G11: {=ROUNDUP(E11/F11,0)} -> 17 | H11: {=ROUNDUP(G11/Q11,0)} -> 9 | I11: 일수고정 | J11: 3 | K11: 15 | L11: {=N11/J11} -> 5 | M11: 0.9 | N11: {=ROUND(M11*K11/J11,0)*J11} -> 15 | Q11: 2 | R11: 0.5 | S11: 2 | T11: 검측
C12: 알폼 조립 | D12: ㎡ | E12: 799.7 | F12: 30 | G12: {=ROUNDUP(E12/F12,0)} -> 27 | H12: {=ROUNDUP(G12/Q12,0)} -> 7 | I12: 일수고정 | J12: 3 | K12: 18 | L12: {=N12/J12} -> 5 | M12: 0.9 | N12: {=ROUND(M12*K12/J12,0)*J12} -> 15 | Q12: 4 | R12: 0.5 | S12: 4 | T12: 검측
C13: 보슬라브 철근조립 | D13: ton | E13: 13.21 | F13: 0.9 | G13: {=ROUNDUP(E13/F13,0)} -> 15 | H13: {=ROUNDUP(G13/Q13,0)} -> 8 | I13: 일수고정 | J13: 3 | K13: 18 | L13: {=N13/J13} -> 5 | M13: 0.9 | N13: {=ROUND(M13*K13/J13,0)*J13} -> 15 | Q13: 2 | R13: 0.5 | S13: 2 | T13: 검측
C14: 타설 | D14: ㎥ | E14: 236 | F14: 130 | G14: {=H14*Q14} -> 6 | H14: {=P14*6} -> 6 | I14: 장비대수*6명 /셋팅층 | M14: 1 | O14: 콘크리트 펌프차 | P14: {=CEILING(MIN(2,E14/'대당 타설량'!B6),1)} -> 1 | Q14: {=MAX(1,IF(E14/(F14*H14)-INT(E14/(F14*H14))<0.5,ROUNDDOWN(E14/(F14*H14),0),ROUNDUP(E14/(F14*H14),0)))} -> 1 | R14: 2 | S14: {=ROUNDUP(Q14+R14,0)} -> 3 | T14: 양생
A16: 기준층 | C16: 먹매김 | D16: ㎡ | H16: 3 | J16: 3 | K16: 6 | L16: {=N16/J16} -> 2 | M16: 1 | N16: {=ROUND(M16*K16/J16,0)*J16} -> 6 | R16: 1 | S16: {=ROUNDUP(Q16+R16,0)} -> 1 | T16: 검측
C17: 갱폼 설치 | D17: ㎡ | E17: 778.95 | F17: 60 | G17: {=ROUNDUP(E17/F17,0)} -> 13 | H17: {=ROUNDUP(G17/Q17,0)} -> 13 | I17: 일수고정 | J17: 4 | K17: 20 | L17: {=N17/J17} -> 5 | M17: 1 | N17: {=ROUND(M17*K17/J17,0)*J17} -> 20 | Q17: 1 | R17: 1 | S17: {=ROUNDUP(Q17+R17,0)} -> 2 | T17: 보강/검측
C18: 벽 철근조립 | D18: ton | E18: 9.42 | F18: 0.8 | G18: {=ROUNDUP(E18/F18,0)} -> 12 | H18: {=ROUNDUP(G18/Q18,0)} -> 12 | I18: 일수고정 | J18: 3 | K18: 15 | L18: {=N18/J18} -> 5 | M18: 1 | N18: {=ROUND(M18*K18/J18,0)*J18} -> 15 | Q18: 1 | R18: 0.5 | S18: {=ROUNDUP(Q18+R18,0)} -> 2 | T18: 검측
C19: 알폼 조립 | D19: ㎡ | E19: 952.05 | F19: 60 | G19: {=ROUNDUP(E19/F19,0)} -> 16 | H19: {=ROUNDUP(G19/Q19,0)} -> 16 | I19: 일수고정 | J19: 3 | K19: 18 | L19: {=N19/J19} -> 6 | M19: 1 | N19: {=ROUND(M19*K19/J19,0)*J19} -> 18 | Q19: 1 | R19: 0.5 | S19: {=ROUNDUP(Q19+R19,0)} -> 2 | T19: 검측
C20: 보슬라브 철근조립 | D20: ton | E20: 9.42 | F20: 0.9 | G20: {=ROUNDUP(E20/F20,0)} -> 11 | H20: {=ROUNDUP(G20/Q20,0)} -> 11 | I20: 일수고정 | J20: 2 | K20: 18 | L20: {=N20/J20} -> 9 | M20: 1 | N20: {=ROUND(M20*K20/J20,0)*J20} -> 18 | Q20: 1 | R20: 0.5 | S20: {=ROUNDUP(Q20+R20,0)} -> 2 | T20: 검측
C21: 타설 | D21: ㎥ | E21: 224 | F21: 130 | G21: {=H21*Q21} -> 6 | H21: {=P21*6} -> 6 | I21: 장비대수*6명 /기준층 | M21: 1 | O21: 콘크리트 펌프차 | P21: {=CEILING(MIN(2,E21/'대당 타설량'!B7),1)} -> 1 | Q21: {=MAX(1,IF(E21/(F21*H21)-INT(E21/(F21*H21))<0.5,ROUNDDOWN(E21/(F21*H21),0),ROUNDUP(E21/(F21*H21),0)))} -> 1 | R21: 2 | S21: {=ROUNDUP(Q21+R21,0)} -> 3 | T21: 양생
A23: 최상층 | C23: 먹매김 | D23: ㎡ | H23: 3 | J23: 3 | K23: 6 | L23: {=N23/J23} -> 2 | M23: 1 | N23: {=ROUND(M23*K23/J23,0)*J23} -> 6 | R23: 1 | S23: {=ROUNDUP(Q23+R23,0)} -> 1 | T23: 검측
C24: 갱폼 설치 | D24: ㎡ | E24: 778.95 | F24: 60 | G24: {=ROUNDUP(E24/F24,0)} -> 13 | H24: {=ROUNDUP(G24/Q24,0)} -> 13 | I24: 일수고정 | J24: 4 | K24: 20 | L24: {=N24/J24} -> 4 | M24: 0.85 | N24: {=ROUND(M24*K24/J24,0)*J24} -> 16 | Q24: 1 | R24: 1 | S24: {=ROUNDUP(Q24+R24,0)} -> 2 | T24: 보강/검측
C25: 벽 철근조립 | D25: ton | E25: 9.42 | F25: 0.8 | G25: {=ROUNDUP(E25/F25,0)} -> 12 | H25: {=ROUNDUP(G25/Q25,0)} -> 12 | I25: 일수고정 | J25: 3 | K25: 15 | L25: {=N25/J25} -> 4 | M25: 0.85 | N25: {=ROUND(M25*K25/J25,0)*J25} -> 12 | Q25: 1 | R25: 0.5 | S25: {=ROUNDUP(Q25+R25,0)} -> 2 | T25: 검측
C26: 알폼 조립 | D26: ㎡ | E26: 952.05 | F26: 60 | G26: {=ROUNDUP(E26/F26,0)} -> 16 | H26: {=ROUNDUP(G26/Q26,0)} -> 16 | I26: 일수고정 | J26: 3 | K26: 18 | L26: {=N26/J26} -> 5 | M26: 0.85 | N26: {=ROUND(M26*K26/J26,0)*J26} -> 15 | Q26: 1 | R26: 0.5 | S26: {=ROUNDUP(Q26+R26,0)} -> 2 | T26: 검측
C27: 보슬라브 철근조립 | D27: ton | E27: 9.42 | F27: 0.9 | G27: {=ROUNDUP(E27/F27,0)} -> 11 | H27: {=ROUNDUP(G27/Q27,0)} -> 11 | I27: 일수고정 | J27: 2 | K27: 18 | L27: {=N27/J27} -> 8 | M27: 0.85 | N27: {=ROUND(M27*K27/J27,0)*J27} -> 16 | Q27: 1 | R27: 0.5 | S27: {=ROUNDUP(Q27+R27,0)} -> 2 | T27: 검측
C28: 타설 | D28: ㎥ | E28: 224 | F28: 130 | G28: {=H28*Q28} -> 6 | H28: {=P28*6} -> 6 | I28: 장비대수*6명 /최상층 | M28: 1 | O28: 콘크리트 펌프차 | P28: {=CEILING(MIN(2,E28/'대당 타설량'!B8),1)} -> 1 | Q28: {=MAX(1,IF(E28/(F28*H28)-INT(E28/(F28*H28))<0.5,ROUNDDOWN(E28/(F28*H28),0),ROUNDUP(E28/(F28*H28),0)))} -> 1 | R28: 2 | S28: {=ROUNDUP(Q28+R28,0)} -> 3 | T28: 양생
A30: 옥탑층 | C30: 먹매김 | D30: ㎡ | H30: 3 | J30: 3 | K30: 6 | L30: {=N30/J30} -> 2 | M30: 1 | N30: {=ROUND(M30*K30/J30,0)*J30} -> 6 | R30: 1 | S30: {=ROUNDUP(Q30+R30,0)} -> 1 | T30: 검측
C31: 벽 철근조립 | D31: ton | E31: 4.97 | F31: 0.7 | G31: {=ROUNDUP(E31/F31,0)} -> 8 | H31: {=ROUNDUP(G31/Q31,0)} -> 8 | I31: 일수고정 | J31: 3 | K31: 15 | L31: {=N31/J31} -> 4 | M31: 0.7 | N31: {=ROUND(M31*K31/J31,0)*J31} -> 12 | Q31: 1 | R31: 0.5 | S31: {=ROUNDUP(Q31+R31,0)} -> 2 | T31: 검측
C32: 유로폼 설치 | D32: ㎡ | E32: 291 | F32: 9 | G32: {=ROUNDUP(E32/F32,0)} -> 33 | H32: {=ROUNDUP(G32/Q32,0)} -> 6 | I32: 일수고정 | J32: 2 | K32: 8 | L32: {=N32/J32} -> 3 | M32: 0.7 | N32: {=ROUND(M32*K32/J32,0)*J32} -> 6 | Q32: 6 | R32: 0.5 | S32: {=ROUNDUP(Q32+R32,0)} -> 7 | T32: 검측
C33: 보슬라브 철근조립 | D33: ton | E33: 4.97 | F33: 0.6 | G33: {=ROUNDUP(E33/F33,0)} -> 9 | H33: {=ROUNDUP(G33/Q33,0)} -> 9 | I33: 일수고정 | J33: 3 | K33: 18 | L33: {=N33/J33} -> 4 | M33: 0.7 | N33: {=ROUND(M33*K33/J33,0)*J33} -> 12 | Q33: 1 | R33: 0.5 | S33: {=ROUNDUP(Q33+R33,0)} -> 2 | T33: 검측
C34: 타설 | D34: ㎥ | E34: 102 | F34: 130 | G34: {=H34*Q34} -> 4 | H34: {=P34*4} -> 4 | I34: 장비대수*4명 /옥탑층 | M34: 1 | O34: 콘크리트 펌프차 | P34: {=CEILING(MIN(2,E34/'대당 타설량'!B9),1)} -> 1 | Q34: {=MAX(1,IF(E34/(F34*H34)-INT(E34/(F34*H34))<0.5,ROUNDDOWN(E34/(F34*H34),0),ROUNDUP(E34/(F34*H34),0)))} -> 1 | R34: 2 | S34: {=ROUNDUP(Q34+R34,0)} -> 3 | T34: 양생
C35: 거푸집 해체/정리 | D35: ㎡ | E35: {=E32} -> 291 | F35: 50 | G35: {=ROUNDUP(E35/F35,0)} -> 6 | H35: {=ROUNDUP(G35/Q35,0)} -> 6 | I35: 일수고정 | J35: 2 | K35: 6 | L35: {=N35/J35} -> 4 | M35: 1.2 | N35: {=ROUND(M35*K35/J35,0)*J35} -> 8 | Q35: 1 | S35: {=ROUNDUP(Q35+R35,0)} -> 1
